Title,Salary,Location,Employment Type,Link
Trainee python developer,28 000 грн. / за місяць,"Київ, Печерський","Київ, Печерський",https://www.olx.ua/uk/obyavlenie/rabota/trainee-python-developer-IDVPGop.html
Администратор социальных сетей,27 000 - 51 000 грн. / за місяць,Нікополь,Нікополь,https://www.olx.ua/uk/obyavlenie/rabota/administrator-sotsialnyh-setey-IDVQ8OZ.html
Терміново Системний Адміністратор,30 000 - 50 000 грн. / за місяць,Умань,Умань,https://www.olx.ua/uk/obyavlenie/rabota/termnovo-sistemniy-admnstrator-IDVPdkR.html
Профессиональная команда в поиске специалиста в IT сфере,2 000 - 3 000 $ / за місяць,"Київ, Шевченківський","Київ, Шевченківський",https://www.olx.ua/uk/obyavlenie/rabota/professionalnaya-komanda-v-poiske-spetsialista-v-it-sfere-IDVRBUm.html
Оператор в компьютерный клуб,17 000 - 20 000 грн. / за місяць,"Запоріжжя, Шевченківський","Запоріжжя, Шевченківський",https://www.olx.ua/uk/obyavlenie/rabota/operator-v-kompyuternyy-klub-IDVRzRs.html
Онлайн робота/Без досвіду/Щоденна оплата/Перекладачем тексту,500 - 700 $ / за місяць,"Київ, Шевченківський","Київ, Шевченківський",https://www.olx.ua/uk/obyavlenie/rabota/onlayn-robota-bez-dosvdu-schodenna-oplata-perekladachem-tekstu-IDVR4Tu.html
Шукаємо тестера ігор,10 000 - 15 000 грн. / за місяць,"Київ, Голосіївський","Київ, Голосіївський",https://www.olx.ua/uk/obyavlenie/rabota/shukamo-testera-gor-IDVRzT5.html
Trainee Front-end Developer,25 000 грн. / за місяць,"Київ, Печерський","Київ, Печерський",https://www.olx.ua/uk/obyavlenie/rabota/trainee-front-end-developer-IDVzf4x.html
Адміністратор в ігровий клуб,16 000 - 20 000 грн. / за місяць,"Київ, Голосіївський","Київ, Голосіївський",https://www.olx.ua/uk/obyavlenie/rabota/admnstrator-v-groviy-klub-IDVRy9L.html
ІТ-Спеціаліст без досвіду,22 000 - 27 000 грн. / за місяць,"Київ, Шевченківський","Київ, Шевченківський",https://www.olx.ua/uk/obyavlenie/rabota/t-spetsalst-bez-dosvdu-IDVioCZ.html
Требуется монтажер видео в Capcut,14 000 - 18 000 грн. / за місяць,"Харків, Холодногірський","Харків, Холодногірський",https://www.olx.ua/uk/obyavlenie/rabota/trebuetsya-montazher-video-v-capcut-IDVKuPX.html
"HTML-верстальник (без досвіду, з навчанням)",25 000 - 35 000 грн. / за місяць,"Київ, Печерський","Київ, Печерський",https://www.olx.ua/uk/obyavlenie/rabota/html-verstalnik-bez-dosvdu-z-navchannyam-IDVitST.html
Оператор комп'ютерного набору,1 000 - 5 000 грн. / за місяць,Рівне,Рівне,https://www.olx.ua/uk/obyavlenie/rabota/operator-kompyuternogo-naboru-IDVRe6X.html
Ремонт зарядных станций и компьютеров,50 000 - 80 000 грн. / за місяць,"Київ, Печерський","Київ, Печерський",https://www.olx.ua/uk/obyavlenie/rabota/remont-zaryadnyh-stantsiy-i-kompyuterov-IDVmIOL.html
Майстер по ремонту комп'ютерної техніки,22 000 - 50 000 грн. / за місяць,"Київ, Солом'янський","Київ, Солом'янський",https://www.olx.ua/uk/obyavlenie/rabota/mayster-po-remontu-kompyuterno-tehnki-IDTwi7S.html
Майстер з ремонту комп'ютерної техніки,22 000 - 50 000 грн. / за місяць,"Кривий Ріг, Саксаганський","Кривий Ріг, Саксаганський",https://www.olx.ua/uk/obyavlenie/rabota/mayster-z-remontu-kompyuterno-tehnki-IDTn5gp.html
Администратор социальных сетей,27 000 - 51 000 грн. / за місяць,Нікополь,Нікополь,https://www.olx.ua/uk/obyavlenie/rabota/administrator-sotsialnyh-setey-IDVQ8OZ.html
Контент менеджер,1 000 - 5 000 грн. / за місяць,Черкаси,Черкаси,https://www.olx.ua/uk/obyavlenie/rabota/kontent-menedzher-IDVR0Ey.html
Junior Front-End Developer,30 000 - 40 000 грн. / за місяць,"Київ, Подільський","Київ, Подільський",https://www.olx.ua/uk/obyavlenie/rabota/junior-front-end-developer-IDVitSB.html
Нічний системний адміністратор,32 000 - 35 000 грн. / за місяць,"Дніпро, Соборний","Дніпро, Соборний",https://www.olx.ua/uk/obyavlenie/rabota/nchniy-sistemniy-admnstrator-IDVR0Vm.html
Trainee Front-end developer,23 000 - 27 000 грн. / за місяць,"Київ, Шевченківський","Київ, Шевченківський",https://www.olx.ua/uk/obyavlenie/rabota/trainee-front-end-developer-IDVRd0s.html
Оператор чату ..,10 000 - 15 000 грн. / за місяць,Кременчук,Кременчук,https://www.olx.ua/uk/obyavlenie/rabota/operator-chatu-IDVRsS8.html
Терміново Системний Адміністратор,30 000 - 50 000 грн. / за місяць,Умань,Умань,https://www.olx.ua/uk/obyavlenie/rabota/termnovo-sistemniy-admnstrator-IDVPdkR.html
Trainee Java Developer,26 000 - 31 000 грн. / за місяць,"Київ, Подільський","Київ, Подільський",https://www.olx.ua/uk/obyavlenie/rabota/trainee-java-developer-IDVhZqY.html
Вакансія рекрутера — потрібні відповідальні люди,20 000 - 30 000 грн. / за місяць,Чернігів,Чернігів,https://www.olx.ua/uk/obyavlenie/rabota/vakansya-rekrutera-potrbn-vdpovdaln-lyudi-IDVKYjH.html
Оператори в комп'ютерний клуб(м.Запоріжжя),12 500 - 17 000 грн. / за місяць,"Запоріжжя, Вознесенівський","Запоріжжя, Вознесенівський",https://www.olx.ua/uk/obyavlenie/rabota/operatori-v-kompyuterniy-klubm-zaporzhzhya-IDWjgDh.html
Майстер з ремонту кондиціонерів (кондиціонерщик),50 000 - 100 000 грн. / за місяць,"Київ, Шевченківський","Київ, Шевченківський",https://www.olx.ua/uk/obyavlenie/rabota/mayster-z-remontu-konditsonerv-konditsonerschik-IDUUKxV.html
Майстер з ремонту комп'ютерної техніки,22 000 - 50 000 грн. / за місяць,"Харків, Шевченківський","Харків, Шевченківський",https://www.olx.ua/uk/obyavlenie/rabota/mayster-z-remontu-kompyuterno-tehnki-IDUh0bQ.html
Вакансія рекрутера — потрібні відповідальні люди,20 000 - 30 000 грн. / за місяць,Чернігів,Чернігів,https://www.olx.ua/uk/obyavlenie/rabota/vakansya-rekrutera-potrbn-vdpovdaln-lyudi-IDVKYjH.html
Требуется мастер инженер по ремонту лазерных принтеров,100 - 500 грн. / за годину,"Київ, Святошинський","Київ, Святошинський",https://www.olx.ua/uk/obyavlenie/rabota/trebuetsya-master-inzhener-po-remontu-lazernyh-printerov-IDTDxm5.html
Майстер з ремонту комп'ютерної техніки,22 000 - 50 000 грн. / за місяць,"Одеса, Приморський","Одеса, Приморський",https://www.olx.ua/uk/obyavlenie/rabota/mayster-z-remontu-kompyuterno-tehnki-IDTmvjB.html
Майстер по ремонту комп'ютерної техніки,22 000 - 50 000 грн. / за місяць,"Київ, Солом'янський","Київ, Солом'янський",https://www.olx.ua/uk/obyavlenie/rabota/mayster-po-remontu-kompyuterno-tehnki-IDTwi7S.html
"Робота! БЕЗ ДОСВІДУ! Оператор 1 С, комп""ютерного набору, Чернівці",13 000 - 13 500 грн. / за місяць,Чернівці,Чернівці,https://www.olx.ua/uk/obyavlenie/rabota/robota-bez-dosvdu-operator-1-s-komp-yuternogo-naboru-chernvts-IDNDn4X.html
Монтажник слаботочных систем (электротехник),18 000 - 32 000 грн. / за місяць,"Одеса, Київський","Одеса, Київський",https://www.olx.ua/uk/obyavlenie/rabota/montazhnik-slabotochnyh-sistem-elektrotehnik-IDVMgbD.html
"Оператор комп'ютерного набору, оператор 1С, Мукачево",12 000 - 12 100 грн. / за місяць,Мукачево,Мукачево,https://www.olx.ua/uk/obyavlenie/rabota/operator-kompyuternogo-naboru-operator-1s-mukachevo-IDJicak.html
Майстер з ремонту комп'ютерної техніки,22 000 - 50 000 грн. / за місяць,"Запоріжжя, Вознесенівський","Запоріжжя, Вознесенівський",https://www.olx.ua/uk/obyavlenie/rabota/mayster-z-remontu-kompyuterno-tehnki-IDWBVQf.html
Помічник майстра,12 000 - 18 000 грн. / за місяць,Софіївська Борщагівка,Софіївська Борщагівка,https://www.olx.ua/uk/obyavlenie/rabota/pomchnik-maystra-IDWBjKu.html
Робота СРОЧНО Оператор ПК 1-й Заводской проулок 2,10 000 - 11 000 грн. / за місяць,Суми,Суми,https://www.olx.ua/uk/obyavlenie/rabota/robota-srochno-operator-pk-1-y-zavodskoy-proulok-2-IDN5XsC.html
Необхiдний технiчний спецiалiст з ремонту,30 000 - 60 000 грн. / за місяць,"Київ, Подільський","Київ, Подільський",https://www.olx.ua/uk/obyavlenie/rabota/neobhidniy-tehnichniy-spetsialist-z-remontu-IDVmx7n.html
Терміново Системний адміністратор,30 000 - 40 000 грн. / за місяць,"Кропивницький, Фортечний","Кропивницький, Фортечний",https://www.olx.ua/uk/obyavlenie/rabota/termnovo-sistemniy-admnstrator-IDVPNyT.html
Майстер з ремонту комп'ютерної техніки,22 000 - 50 000 грн. / за місяць,"Дніпро, Центральний","Дніпро, Центральний",https://www.olx.ua/uk/obyavlenie/rabota/mayster-z-remontu-kompyuterno-tehnki-IDTna38.html
Профессиональная команда в поиске специалиста в IT сфере,2 000 - 3 000 $ / за місяць,"Київ, Шевченківський","Київ, Шевченківський",https://www.olx.ua/uk/obyavlenie/rabota/professionalnaya-komanda-v-poiske-spetsialista-v-it-sfere-IDVRBUm.html
провідний спеціаліст відділу інформатизації виконком районної ради,14 000 - 16 000 грн. / за місяць,"Кривий Ріг, Саксаганський","Кривий Ріг, Саксаганський",https://www.olx.ua/uk/obyavlenie/rabota/provdniy-spetsalst-vddlu-nformatizats-vikonkom-rayonno-radi-IDVRpQM.html
Нужен сис админ зп от 17 000 грн,15 000 - 30 000 грн. / за місяць,"Дніпро, Соборний","Дніпро, Соборний",https://www.olx.ua/uk/obyavlenie/rabota/nuzhen-sis-admin-zp-ot-17-000-grn-IDWGVlI.html
Відкрита вакансія IT спеціаліст,17 000 - 23 000 грн. / за місяць,Умань,Умань,https://www.olx.ua/uk/obyavlenie/rabota/vdkrita-vakansya-it-spetsalst-IDVOq7C.html
Інженер сервісний (на власному авто),24 000 - 30 000 грн. / за місяць,"Київ, Подільський","Київ, Подільський",https://www.olx.ua/uk/obyavlenie/rabota/nzhener-servsniy-na-vlasnomu-avto-IDVPhFf.html
Майстер з ремонту комп'ютерної техніки,22 000 - 50 000 грн. / за місяць,"Кривий Ріг, Саксаганський","Кривий Ріг, Саксаганський",https://www.olx.ua/uk/obyavlenie/rabota/mayster-z-remontu-kompyuterno-tehnki-IDTn5gp.html
"РОБОТА! Оператор комп'ютерного набору, 1 С, м.Вінниця",11 999 - 12 000 грн. / за місяць,"Вінниця, Замостянський","Вінниця, Замостянський",https://www.olx.ua/uk/obyavlenie/rabota/robota-operator-kompyuternogo-naboru-1-s-m-vnnitsya-IDUZK12.html
Майстер ремонт цифрової техніки 50000 за місяць,30 000 - 50 000 грн. / за місяць,Чернівці,Чернівці,https://www.olx.ua/uk/obyavlenie/rabota/mayster-remont-tsifrovo-tehnki-50000-za-msyats-IDVIe4R.html
Спеціаліст з ведення перемовин (чеська\словацька\польська мова),1 500 - 2 000 $ / за місяць,"Київ, Печерський","Київ, Печерський",https://www.olx.ua/uk/obyavlenie/rabota/spetsalst-z-vedennya-peremovin-cheska-slovatska-polska-mova-IDVH9aT.html
Майстер з ремонту комп'ютерної техніки,22 000 - 50 000 грн. / за місяць,"Харків, Шевченківський","Харків, Шевченківський",https://www.olx.ua/uk/obyavlenie/rabota/mayster-z-remontu-kompyuterno-tehnki-IDUh0bQ.html
Профессиональная команда в поиске специалиста в IT сфере,2 000 - 3 000 $ / за місяць,"Київ, Шевченківський","Київ, Шевченківський",https://www.olx.ua/uk/obyavlenie/rabota/professionalnaya-komanda-v-poiske-spetsialista-v-it-sfere-IDVRBUm.html
Майстер з ремонту комп'ютерної техніки,22 000 - 50 000 грн. / за місяць,"Харків, Шевченківський","Харків, Шевченківський",https://www.olx.ua/uk/obyavlenie/rabota/mayster-z-remontu-kompyuterno-tehnki-IDUh0bQ.html
Вакансія рекрутера — потрібні відповідальні люди,20 000 - 30 000 грн. / за місяць,Чернігів,Чернігів,https://www.olx.ua/uk/obyavlenie/rabota/vakansya-rekrutera-potrbn-vdpovdaln-lyudi-IDVKYjH.html
Робота дистанційно,50 - 1 000 $ / за місяць,Чернівці,Чернівці,https://www.olx.ua/uk/obyavlenie/rabota/robota-distantsyno-IDVP6oA.html
Менеджер телеграм,500 - 40 000 грн. / за місяць,Рівне,Рівне,https://www.olx.ua/uk/obyavlenie/rabota/menedzher-telegram-IDVQIjS.html
Тестувальник мобільних ігор,17 000 - 22 000 грн. / за місяць,Біла Церква,Біла Церква,https://www.olx.ua/uk/obyavlenie/rabota/testuvalnik-moblnih-gor-IDVOWac.html
Шукаємо Photoshop Дизайнера,8 000 грн. / за місяць,Ходосівка,Ходосівка,https://www.olx.ua/uk/obyavlenie/rabota/shukamo-photoshop-dizaynera-IDVNu6c.html
Ищем тестировщиков для пк игр,10 000 - 15 000 грн. / за місяць,"Одеса, Приморський","Одеса, Приморський",https://www.olx.ua/uk/obyavlenie/rabota/ischem-testirovschikov-dlya-pk-igr-IDVOBYn.html
Trainee Mobile Developer (повне навчання),20 000 - 25 000 грн. / за місяць,"Київ, Шевченківський","Київ, Шевченківський",https://www.olx.ua/uk/obyavlenie/rabota/trainee-mobile-developer-povne-navchannya-IDVit6L.html
Програміст python,1 000 - 10 000 $ / за місяць,Івано-Франківськ,Івано-Франківськ,https://www.olx.ua/uk/obyavlenie/rabota/programst-python-IDVPe8C.html
Тестувальник VR-ігор (не віддалено),15 600 - 18 500 грн. / за місяць,Кам'янське,Кам'янське,https://www.olx.ua/uk/obyavlenie/rabota/testuvalnik-vr-gor-ne-vddaleno-IDVOYOd.html
Офіс менеджер (оператор пк),20 000 - 50 000 грн. / за місяць,"Київ, Печерський","Київ, Печерський",https://www.olx.ua/uk/obyavlenie/rabota/ofs-menedzher-operator-pk-IDVPS87.html
Монтажник оптоволоконних мереж,30 000 - 50 000 грн. / за місяць,"Дніпро, Новокодацький","Дніпро, Новокодацький",https://www.olx.ua/uk/obyavlenie/rabota/montazhnik-optovolokonnih-merezh-IDVQHai.html
Запрошуємо майстрів з ремонту комп'ютерів – заробіток до 80 000 грн на,40 000 - 80 000 грн. / за місяць,"Львів, Галицький","Львів, Галицький",https://www.olx.ua/uk/obyavlenie/rabota/zaproshumo-maystrv-z-remontu-kompyuterv-zarobtok-do-80-000-grn-na-IDVFZJV.html
"Шукаємо на посаду Програміст, web-дизайнер (PR, SEO, SM)",15 000 - 30 000 грн. / за місяць,"Київ, Дарницький","Київ, Дарницький",https://www.olx.ua/uk/obyavlenie/rabota/shukamo-na-posadu-programst-web-dizayner-pr-seo-sm-IDNusow.html
Терміново Системний адміністратор,30 000 - 40 000 грн. / за місяць,"Кропивницький, Фортечний","Кропивницький, Фортечний",https://www.olx.ua/uk/obyavlenie/rabota/termnovo-sistemniy-admnstrator-IDVPNyT.html
"Автоматическое добавление обменов авто для авториа, рст, автобазар",500 - 1 000 грн. / за годину,"Дніпро, Амур-Нижньодніпровський","Дніпро, Амур-Нижньодніпровський",https://www.olx.ua/uk/obyavlenie/rabota/avtomaticheskoe-dobavlenie-obmenov-avto-dlya-avtoria-rst-avtobazar-IDVPNXQ.html
Оператор обліку (1С),,"Дніпро, Соборний","Дніпро, Соборний",https://www.olx.ua/uk/obyavlenie/rabota/operator-oblku-1s-IDVP09i.html
Работа в популярных компьютерных играх.,10 000 - 25 000 грн. / за місяць,"Львів, Галицький","Львів, Галицький",https://www.olx.ua/uk/obyavlenie/rabota/rabota-v-populyarnyh-kompyuternyh-igrah-IDTEEqT.html
Помічник ASO-спеціаліста(без досвіду),500 - 501 $ / за місяць,Сміла,Сміла,https://www.olx.ua/uk/obyavlenie/rabota/pomchnik-aso-spetsalstabez-dosvdu-IDVOTUA.html
Сервісний центр ServiceHub,6 000 - 10 000 грн. / за місяць,"Кривий Ріг, Покровський","Кривий Ріг, Покровський",https://www.olx.ua/uk/obyavlenie/rabota/servsniy-tsentr-servicehub-IDVP0Gb.html
Компьютерный мастер. Сервис инженер. Мастер по Ремонту,34 000 - 37 000 грн. / за місяць,"Харків, Шевченківський","Харків, Шевченківський",https://www.olx.ua/uk/obyavlenie/rabota/kompyuternyy-master-servis-inzhener-master-po-remontu-IDVvLkj.html
Виїзний Комп'ютерний Майстер,27 000 - 32 000 грн. / за місяць,Тернопіль,Тернопіль,https://www.olx.ua/uk/obyavlenie/rabota/vizniy-kompyuterniy-mayster-IDTYujL.html
Trainee python developer,28 000 грн. / за місяць,"Київ, Печерський","Київ, Печерський",https://www.olx.ua/uk/obyavlenie/rabota/trainee-python-developer-IDVPGop.html
Выездной Компьютерный Мастер,35 000 - 38 000 грн. / за місяць,"Кривий Ріг, Центрально-Міський","Кривий Ріг, Центрально-Міський",https://www.olx.ua/uk/obyavlenie/rabota/vyezdnoy-kompyuternyy-master-IDUJk7T.html
Требуется монтажер видео в Capcut,14 000 - 18 000 грн. / за місяць,"Харків, Холодногірський","Харків, Холодногірський",https://www.olx.ua/uk/obyavlenie/rabota/trebuetsya-montazher-video-v-capcut-IDVKuPX.html
Ремонт зарядных станций и компьютеров,50 000 - 80 000 грн. / за місяць,"Київ, Печерський","Київ, Печерський",https://www.olx.ua/uk/obyavlenie/rabota/remont-zaryadnyh-stantsiy-i-kompyuterov-IDVmIOL.html
Администратор социальных сетей,27 000 - 51 000 грн. / за місяць,Нікополь,Нікополь,https://www.olx.ua/uk/obyavlenie/rabota/administrator-sotsialnyh-setey-IDVQ8OZ.html
Майстер з ремонту комп'ютерів,34 000 - 36 000 грн. / за місяць,Тернопіль,Тернопіль,https://www.olx.ua/uk/obyavlenie/rabota/mayster-z-remontu-kompyuterv-IDVvwme.html
Монтажник кабельних мереж,10 000 - 14 000 грн. / за місяць,Золотоноша,Золотоноша,https://www.olx.ua/uk/obyavlenie/rabota/montazhnik-kabelnih-merezh-IDVPcFA.html
Майстер по ремонту телевізорів або компьютерів,45 000 - 115 000 грн. / за місяць,"Київ, Печерський","Київ, Печерський",https://www.olx.ua/uk/obyavlenie/rabota/mayster-po-remontu-televzorv-abo-kompyuterv-IDVNLK9.html
"SEO - спеціаліст, віддалено, дистанційна робота",40 000 - 45 000 грн. / за місяць,Хмельницький,Хмельницький,https://www.olx.ua/uk/obyavlenie/rabota/seo-spetsalst-vddaleno-distantsyna-robota-IDWQMuV.html
Мастер по ремонту телефонов и ноутбуков,15 000 - 30 000 грн. / за місяць,"Миколаїв, Центральний","Миколаїв, Центральний",https://www.olx.ua/uk/obyavlenie/rabota/master-po-remontu-telefonov-i-noutbukov-IDVORm6.html
Вакансія SEO Manager,2 200 - 2 500 $ / за місяць,"Київ, Голосіївський","Київ, Голосіївський",https://www.olx.ua/uk/obyavlenie/rabota/vakansya-seo-manager-IDVPHTu.html
Комп'ютерний Майстер. Майстер з ремонту електроніки,40 000 - 50 000 грн. / за місяць,"Дніпро, Центральний","Дніпро, Центральний",https://www.olx.ua/uk/obyavlenie/rabota/kompyuterniy-mayster-mayster-z-remontu-elektronki-IDVuB08.html
Junior Java Developer,20 000 - 23 000 грн. / за місяць,"Київ, Шевченківський","Київ, Шевченківський",https://www.olx.ua/uk/obyavlenie/rabota/junior-java-developer-IDVPqsw.html
Терміново потрібен ІТ спеціаліст,80 000 - 100 000 грн. / за місяць,"Дніпро, Центральний","Дніпро, Центральний",https://www.olx.ua/uk/obyavlenie/rabota/termnovo-potrben-t-spetsalst-IDVHL4H.html
Оператор фото-копі-центра. Поліграфічні послуги. Ксерокс,16 000 - 25 000 грн. / за місяць,"Київ, Оболонський","Київ, Оболонський",https://www.olx.ua/uk/obyavlenie/rabota/operator-foto-kop-tsentra-polgrafchn-poslugi-kseroks-IDT0zuj.html
Необхiдний технiчний спецiалiст з ремонту,30 000 - 60 000 грн. / за місяць,"Київ, Подільський","Київ, Подільський",https://www.olx.ua/uk/obyavlenie/rabota/neobhidniy-tehnichniy-spetsialist-z-remontu-IDVmx7n.html
Майстер з ремонту комп'ютерної техніки,22 000 - 50 000 грн. / за місяць,"Дніпро, Центральний","Дніпро, Центральний",https://www.olx.ua/uk/obyavlenie/rabota/mayster-z-remontu-kompyuterno-tehnki-IDTna38.html
Монтажник слаботочных систем (электротехник),18 000 - 32 000 грн. / за місяць,"Одеса, Київський","Одеса, Київський",https://www.olx.ua/uk/obyavlenie/rabota/montazhnik-slabotochnyh-sistem-elektrotehnik-IDVMgbD.html
Програміст для виконання робіт в інтернет-магазині,10 - 15 $ / за годину,"Дніпро, Амур-Нижньодніпровський","Дніпро, Амур-Нижньодніпровський",https://www.olx.ua/uk/obyavlenie/rabota/programst-dlya-vikonannya-robt-v-nternet-magazin-IDVOXz3.html
Запрошуємо майстрів з ремонту комп'ютерів – заробіток до 80 000 грн на,40 000 - 80 000 грн. / за місяць,"Львів, Галицький","Львів, Галицький",https://www.olx.ua/uk/obyavlenie/rabota/zaproshumo-maystrv-z-remontu-kompyuterv-zarobtok-do-80-000-grn-na-IDVFZJV.html
"Шукаємо на посаду Програміст, web-дизайнер (PR, SEO, SM)",15 000 - 30 000 грн. / за місяць,"Київ, Дарницький","Київ, Дарницький",https://www.olx.ua/uk/obyavlenie/rabota/shukamo-na-posadu-programst-web-dizayner-pr-seo-sm-IDNusow.html
"Аккаунт менеджер (чеська, словацька, польська)",45 000 - 60 000 грн. / за місяць,"Київ, Печерський","Київ, Печерський",https://www.olx.ua/uk/obyavlenie/rabota/akkaunt-menedzher-cheska-slovatska-polska-IDVowFK.html
Майстер з ремонту комп'ютерної техніки Домофон-Сек'юріті (РАМсервіс),20 000 - 40 000 грн. / за місяць,Івано-Франківськ,Івано-Франківськ,https://www.olx.ua/uk/obyavlenie/rabota/mayster-z-remontu-kompyuterno-tehnkidomofon-sekyurt-ramservs-IDVeWuN.html
Монтажник кабельних мереж (інтернет),,"Київ, Дніпровський","Київ, Дніпровський",https://www.olx.ua/uk/obyavlenie/rabota/montazhnik-kabelnih-merezh-nternet-IDVQWHJ.html
Провідний майстер з ремонту техніки (мультибренд),40 000 - 60 000 грн. / за місяць,"Львів, Шевченківський","Львів, Шевченківський",https://www.olx.ua/uk/obyavlenie/rabota/provdniy-mayster-z-remontu-tehnki-multibrend-IDVHdZ4.html
Ремонт зарядных станций и компьютеров,50 000 - 80 000 грн. / за місяць,"Київ, Печерський","Київ, Печерський",https://www.olx.ua/uk/obyavlenie/rabota/remont-zaryadnyh-stantsiy-i-kompyuterov-IDVmIOL.html
Системний адміністратор супермаркету,16 000 - 17 000 грн. / за місяць,Нікополь,Нікополь,https://www.olx.ua/uk/obyavlenie/rabota/sistemniy-admnstrator-supermarketu-IDVLcCj.html
Майстр по ремонту принтерів та ПК,20 000 - 25 000 грн. / за місяць,"Кривий Ріг, Центрально-Міський","Кривий Ріг, Центрально-Міський",https://www.olx.ua/uk/obyavlenie/rabota/maystr-po-remontu-printerv-ta-pk-IDVdl5O.html
Інженер сервісний (на власному авто),24 000 - 30 000 грн. / за місяць,"Київ, Подільський","Київ, Подільський",https://www.olx.ua/uk/obyavlenie/rabota/nzhener-servsniy-na-vlasnomu-avto-IDVPhFf.html
Запрошуємо майстрів з ремонту комп'ютерів – заробіток до 80 000 грн на,40 000 - 80 000 грн. / за місяць,"Львів, Галицький","Львів, Галицький",https://www.olx.ua/uk/obyavlenie/rabota/zaproshumo-maystrv-z-remontu-kompyuterv-zarobtok-do-80-000-grn-na-IDVFZJV.html
Терміново потрібен ІТ спеціаліст,80 000 - 100 000 грн. / за місяць,"Дніпро, Центральний","Дніпро, Центральний",https://www.olx.ua/uk/obyavlenie/rabota/termnovo-potrben-t-spetsalst-IDVHL4H.html
Оператор ПК в команду,8 000 - 12 000 грн. / за місяць,"Київ, Дніпровський","Київ, Дніпровський",https://www.olx.ua/uk/obyavlenie/rabota/operator-pk-v-komandu-IDVNnrg.html
Тrainee QA Engineer,30 000 - 35 000 грн. / за місяць,"Київ, Печерський","Київ, Печерський",https://www.olx.ua/uk/obyavlenie/rabota/trainee-qa-engineer-IDVhhSC.html
Потрібна людина на прийняття техніки на ремонт,10 000 - 20 000 грн. / за місяць,"Житомир, Центр","Житомир, Центр",https://www.olx.ua/uk/obyavlenie/rabota/potrbna-lyudina-na-priynyattya-tehnki-na-remont-IDW5mJS.html
Збиральник ПК в магазин техніки,24 000 - 27 000 грн. / за місяць,"Київ, Печерський","Київ, Печерський",https://www.olx.ua/uk/obyavlenie/rabota/zbiralnik-pk-v-magazin-tehnki-IDVOrOH.html
Тестирование мобильной игры на ios,300 - 600 грн. / за годину,"Одеса, Київський","Одеса, Київський",https://www.olx.ua/uk/obyavlenie/rabota/testirovanie-mobilnoy-igry-na-ios-IDVKWp8.html
Ищу мастера по ремонту радиоаппаратуры,100 грн. / за годину,Корсунці,Корсунці,https://www.olx.ua/uk/obyavlenie/rabota/ischu-mastera-po-remontu-radioapparatury-IDQzJsH.html
Виїзний Майстер з ремонту комп'ютерної техніки,35 000 - 40 000 грн. / за місяць,"Київ, Печерський","Київ, Печерський",https://www.olx.ua/uk/obyavlenie/rabota/vizniy-mayster-z-remontu-kompyuterno-tehnki-IDUih8J.html
Майстер з підключення інтернету та ТБ (з власним авто),35 000 - 40 000 грн. / за місяць,"Київ, Солом'янський","Київ, Солом'янський",https://www.olx.ua/uk/obyavlenie/rabota/mayster-z-pdklyuchennya-nternetu-ta-tb-z-vlasnim-avto-IDVOwro.html
"Trainee GameDev-тестувальник, Київ",20 000 - 25 000 грн. / за місяць,"Київ, Печерський","Київ, Печерський",https://www.olx.ua/uk/obyavlenie/rabota/trainee-gamedev-testuvalnik-kiv-IDUsjpq.html
"Оператор ПК, Обліковець на склад фурнітури",14 000 - 16 000 грн. / за місяць,Стрий,Стрий,https://www.olx.ua/uk/obyavlenie/rabota/operator-pk-oblkovets-na-sklad-furnturi-IDVNRUR.html
Терміново Системний Адміністратор,30 000 - 50 000 грн. / за місяць,Умань,Умань,https://www.olx.ua/uk/obyavlenie/rabota/termnovo-sistemniy-admnstrator-IDVPdkR.html
Trainee python developer,28 000 грн. / за місяць,"Київ, Печерський","Київ, Печерський",https://www.olx.ua/uk/obyavlenie/rabota/trainee-python-developer-IDVPGop.html
Майстер з ремонту комп'ютерної техніки,22 000 - 50 000 грн. / за місяць,"Кривий Ріг, Саксаганський","Кривий Ріг, Саксаганський",https://www.olx.ua/uk/obyavlenie/rabota/mayster-z-remontu-kompyuterno-tehnki-IDTn5gp.html
Молодший Розробник ПЗ (Junior Software Developer),17 000 - 19 000 грн. / за місяць,"Київ, Печерський","Київ, Печерський",https://www.olx.ua/uk/obyavlenie/rabota/molodshiy-rozrobnik-pz-junior-software-developer-IDUjkvX.html
Шукаємо оператора 1С для підтримки обліку,15 000 - 17 000 грн. / за місяць,Чернігів,Чернігів,https://www.olx.ua/uk/obyavlenie/rabota/shukamo-operatora-1s-dlya-pdtrimki-oblku-IDVxPxR.html
Java розробник (junior),20 000 - 24 000 грн. / за місяць,"Київ, Солом'янський","Київ, Солом'янський",https://www.olx.ua/uk/obyavlenie/rabota/java-rozrobnik-junior-IDVOlKl.html
Майстер з ремонту комп'ютерної техніки,20 000 - 40 000 грн. / за місяць,"Вінниця, Замостянський","Вінниця, Замостянський",https://www.olx.ua/uk/obyavlenie/rabota/mayster-z-remontu-kompyuterno-tehnki-IDTQqlE.html
Робота в майстерні по ремонту побутової техніки.Навчання.,15 000 - 25 000 грн. / за місяць,Рівне,Рівне,https://www.olx.ua/uk/obyavlenie/rabota/robota-v-maystern-po-remontu-pobutovo-tehnki-navchannya-IDLQCsp.html
Verification Specialist,8 500 - 9 000 грн. / за місяць,Кременчук,Кременчук,https://www.olx.ua/uk/obyavlenie/rabota/verification-specialist-IDV7FTz.html
Системний адміністратор,30 000 - 50 000 грн. / за місяць,Умань,Умань,https://www.olx.ua/uk/obyavlenie/rabota/sistemniy-admnstrator-IDVOo3J.html
Майстер/технік з підключення інтернету (авто — must have),35 000 - 40 000 грн. / за місяць,"Київ, Солом'янський","Київ, Солом'янський",https://www.olx.ua/uk/obyavlenie/rabota/mayster-tehnk-z-pdklyuchennya-nternetu-avto-must-have-IDVOw84.html
Майстер з ремонту комп'ютерів. Майстер з ремонту електроніки,35 000 - 40 000 грн. / за місяць,Кременчук,Кременчук,https://www.olx.ua/uk/obyavlenie/rabota/mayster-z-remontu-kompyuterv-mayster-z-remontu-elektronki-IDWLXIM.html
Шукаємо майстра з ремонту електронної техніки,50 000 - 120 000 грн. / за місяць,Дзюби,Дзюби,https://www.olx.ua/uk/obyavlenie/rabota/shukamo-maystra-z-remontu-elektronno-tehnki-IDVNxyD.html
Требуется монтажер видео в Capcut,14 000 - 18 000 грн. / за місяць,"Харків, Холодногірський","Харків, Холодногірський",https://www.olx.ua/uk/obyavlenie/rabota/trebuetsya-montazher-video-v-capcut-IDVKuPX.html
Онлайн робота/Без досвіду/Щоденна оплата/Перекладачем тексту,500 - 700 $ / за місяць,"Київ, Шевченківський","Київ, Шевченківський",https://www.olx.ua/uk/obyavlenie/rabota/onlayn-robota-bez-dosvdu-schodenna-oplata-perekladachem-tekstu-IDVR4Tu.html
Монтажник слаботочных систем (электротехник),18 000 - 32 000 грн. / за місяць,"Одеса, Київський","Одеса, Київський",https://www.olx.ua/uk/obyavlenie/rabota/montazhnik-slabotochnyh-sistem-elektrotehnik-IDVMgbD.html
Компанія Netpeak Group шукає в одеський офіс Provision Engineer,400 - 600 $ / за місяць,"Одеса, Київський","Одеса, Київський",https://www.olx.ua/uk/obyavlenie/rabota/kompanya-netpeak-group-shuka-v-odeskiy-ofs-provision-engineer-IDVND5J.html
Технік з обслуговування мережі (власне авто обов’язкове),35 000 - 45 000 грн. / за місяць,"Київ, Солом'янський","Київ, Солом'янський",https://www.olx.ua/uk/obyavlenie/rabota/tehnk-z-obslugovuvannya-merezh-vlasne-avto-obovyazkove-IDVOuhN.html
Нужен Программист на удалённую работу,900 - 1 300 грн. / за годину,"Дніпро, Центральний","Дніпро, Центральний",https://www.olx.ua/uk/obyavlenie/rabota/nuzhen-programmist-na-udalennuyu-rabotu-IDVOBPG.html
Системний адміністратор,32 000 - 33 000 грн. / за місяць,"Київ, Печерський","Київ, Печерський",https://www.olx.ua/uk/obyavlenie/rabota/sistemniy-admnstrator-IDVNjXr.html
Художник комп'ютерної графіки віддалено,550 - 551 $ / за місяць,"Київ, Печерський","Київ, Печерський",https://www.olx.ua/uk/obyavlenie/rabota/hudozhnik-kompyuterno-grafki-vddaleno-IDVKLDH.html
"Trainee project-менеджер (не віддалено, Київ)",23 000 - 27 000 грн. / за місяць,"Київ, Печерський","Київ, Печерський",https://www.olx.ua/uk/obyavlenie/rabota/trainee-project-menedzher-ne-vddaleno-kiv-IDVx9Qc.html
Нужен Комп'ютерний мастер Одесса ( Пересыпский Район),50 000 - 80 000 грн. / за місяць,"Одеса, Пересипський","Одеса, Пересипський",https://www.olx.ua/uk/obyavlenie/rabota/nuzhen-kompyuterniy-master-odessa-peresypskiy-rayon-IDVswbu.html
"Сервисный Мастер по ремонту телевизоров, ноутбуков и др. Электронщик",37 000 - 40 000 грн. / за місяць,"Кривий Ріг, Центрально-Міський","Кривий Ріг, Центрально-Міський",https://www.olx.ua/uk/obyavlenie/rabota/servisnyy-master-po-remontu-televizorov-noutbukov-i-dr-elektronschik-IDUFTIv.html
Потрібен Оператор ПК,8 000 - 12 000 грн. / за місяць,"Київ, Голосіївський","Київ, Голосіївський",https://www.olx.ua/uk/obyavlenie/rabota/potrben-operator-pk-IDVeOAD.html
Junior Android Developer,28 000 - 33 000 грн. / за місяць,"Київ, Печерський","Київ, Печерський",https://www.olx.ua/uk/obyavlenie/rabota/junior-android-developer-IDWN13J.html
Ремонт зарядных станций и компьютеров,50 000 - 80 000 грн. / за місяць,"Київ, Печерський","Київ, Печерський",https://www.olx.ua/uk/obyavlenie/rabota/remont-zaryadnyh-stantsiy-i-kompyuterov-IDVmIOL.html
Майстер з ремонту комп'ютерної техніки,22 000 - 50 000 грн. / за місяць,"Запоріжжя, Вознесенівський","Запоріжжя, Вознесенівський",https://www.olx.ua/uk/obyavlenie/rabota/mayster-z-remontu-kompyuterno-tehnki-IDWBVQf.html
Відкрита вакансія IT спеціаліст,17 000 - 23 000 грн. / за місяць,Умань,Умань,https://www.olx.ua/uk/obyavlenie/rabota/vdkrita-vakansya-it-spetsalst-IDVOq7C.html
Системний адміністратор,20 000 - 36 000 грн. / за місяць,"Дніпро, Центральний","Дніпро, Центральний",https://www.olx.ua/uk/obyavlenie/rabota/sistemniy-admnstrator-IDVOjSp.html
Помічник керівника (чеська\словацька\угорська\польська мова),1 500 - 2 000 $ / за місяць,Ужгород,Ужгород,https://www.olx.ua/uk/obyavlenie/rabota/pomchnik-kervnika-cheska-slovatska-ugorska-polska-mova-IDVHfGE.html
В СЦ требуется мастре,35 000 - 50 000 грн. / за місяць,"Одеса, Приморський","Одеса, Приморський",https://www.olx.ua/uk/obyavlenie/rabota/v-sts-trebuetsya-mastre-IDP9XR8.html
Робота в ІТ сфері з ПЕОМ.,10 200 - 12 200 грн. / за місяць,Сміла,Сміла,https://www.olx.ua/uk/obyavlenie/rabota/robota-v-t-sfer-z-peom-IDL9MsZ.html
Фахівець із налаштування мережі інтернет (з власним авто),35 000 - 40 000 грн. / за місяць,"Київ, Солом'янський","Київ, Солом'янський",https://www.olx.ua/uk/obyavlenie/rabota/fahvets-z-nalashtuvannya-merezh-nternet-z-vlasnim-avto-IDVOuUY.html
Монтажник інтернету (робота з власним авто),35 000 - 40 000 грн. / за місяць,"Київ, Солом'янський","Київ, Солом'янський",https://www.olx.ua/uk/obyavlenie/rabota/montazhnik-nternetu-robota-z-vlasnim-avto-IDVOuve.html
"Майстер, інженер з ремонту ноутбуків",20 000 - 50 000 грн. / за місяць,"Дніпро, Центральний","Дніпро, Центральний",https://www.olx.ua/uk/obyavlenie/rabota/mayster-nzhener-z-remontu-noutbukv-IDVKQ59.html
Требуется мастер Бытовой техники. Инженер,25 000 - 52 000 грн. / за місяць,Інженерний,Інженерний,https://www.olx.ua/uk/obyavlenie/rabota/trebuetsya-master-bytovoy-tehniki-inzhener-IDvI3fc.html
UAinet шукає технічного спеціаліста,,Ковель,Ковель,https://www.olx.ua/uk/obyavlenie/rabota/uainet-shuka-tehnchnogo-spetsalsta-IDV3ZKS.html
Робота Інженер з експлуатації первинної мережі (з бронюванням),,"Дніпро, Центральний","Дніпро, Центральний",https://www.olx.ua/uk/obyavlenie/rabota/robota-nzhener-z-ekspluatats-pervinno-merezh-z-bronyuvannyam-IDVCKMj.html
Онлайн робота/Без досвіду/Щоденна оплата/Перекладачем тексту,500 - 700 $ / за місяць,"Київ, Шевченківський","Київ, Шевченківський",https://www.olx.ua/uk/obyavlenie/rabota/onlayn-robota-bez-dosvdu-schodenna-oplata-perekladachem-tekstu-IDVR4Tu.html
Терміново Системний адміністратор,30 000 - 40 000 грн. / за місяць,"Кропивницький, Фортечний","Кропивницький, Фортечний",https://www.olx.ua/uk/obyavlenie/rabota/termnovo-sistemniy-admnstrator-IDVPNyT.html
Монтажник слаботочных систем (электротехник),18 000 - 32 000 грн. / за місяць,"Одеса, Київський","Одеса, Київський",https://www.olx.ua/uk/obyavlenie/rabota/montazhnik-slabotochnyh-sistem-elektrotehnik-IDVMgbD.html
Тестувальник ігор,15 000 - 25 000 грн. / за місяць,"Львів, Залізничний","Львів, Залізничний",https://www.olx.ua/uk/obyavlenie/rabota/testuvalnik-gor-IDVMu1G.html
Тестування мобільної гри Android,1 - 50 грн. / за годину,"Львів, Галицький","Львів, Галицький",https://www.olx.ua/uk/obyavlenie/rabota/testuvannya-moblno-gri-android-IDVLPMP.html
Збиральник ПК (Київ),23 000 - 26 000 грн. / за місяць,"Київ, Голосіївський","Київ, Голосіївський",https://www.olx.ua/uk/obyavlenie/rabota/zbiralnik-pk-kiv-IDVdmsX.html
Системний адміністратор,54 000 - 100 000 грн. / за місяць,"Київ, Подільський","Київ, Подільський",https://www.olx.ua/uk/obyavlenie/rabota/sistemniy-admnstrator-IDVKGla.html
Тестирование мобильной игры на ios,200 - 600 грн. / за годину,"Київ, Голосіївський","Київ, Голосіївський",https://www.olx.ua/uk/obyavlenie/rabota/testirovanie-mobilnoy-igry-na-ios-IDVKuYN.html
Шукаємо комп'ютерного майстра до нашої команди!,40 000 грн. / за місяць,"Одеса, Пересипський","Одеса, Пересипський",https://www.olx.ua/uk/obyavlenie/rabota/shukamo-kompyuternogo-maystra-do-nasho-komandi-IDVLL5w.html
Оператор комп'ютера на оптову базу,12 000 - 12 001 грн. / за місяць,Херсон,Херсон,https://www.olx.ua/uk/obyavlenie/rabota/operator-kompyutera-na-optovu-bazu-IDVLbew.html
Front-end розробник,,"Київ, Солом'янський","Київ, Солом'янський",https://www.olx.ua/uk/obyavlenie/rabota/front-end-rozrobnik-IDVflKV.html
Молодший системний адміністратор,26 000 - 32 000 грн. / за місяць,"Київ, Подільський","Київ, Подільський",https://www.olx.ua/uk/obyavlenie/rabota/molodshiy-sistemniy-admnstrator-IDVeUrn.html
Збиральник Ігрових ПК,25 000 - 27 000 грн. / за місяць,"Київ, Подільський","Київ, Подільський",https://www.olx.ua/uk/obyavlenie/rabota/zbiralnik-grovih-pk-IDVKVEK.html
Терміново Системний Адміністратор,30 000 - 50 000 грн. / за місяць,Умань,Умань,https://www.olx.ua/uk/obyavlenie/rabota/termnovo-sistemniy-admnstrator-IDVPdkR.html
Терміново потрібен ІТ спеціаліст,80 000 - 100 000 грн. / за місяць,"Дніпро, Центральний","Дніпро, Центральний",https://www.olx.ua/uk/obyavlenie/rabota/termnovo-potrben-t-spetsalst-IDVHL4H.html
Майстер по ремонту комп'ютерної техніки,22 000 - 50 000 грн. / за місяць,"Київ, Солом'янський","Київ, Солом'янський",https://www.olx.ua/uk/obyavlenie/rabota/mayster-po-remontu-kompyuterno-tehnki-IDTwi7S.html
Тестувальник ігор,15 000 - 25 000 грн. / за місяць,"Львів, Галицький","Львів, Галицький",https://www.olx.ua/uk/obyavlenie/rabota/testuvalnik-gor-IDVMtHf.html
Trainee Front-End Developer,28 000 - 34 000 грн. / за місяць,"Київ, Шевченківський","Київ, Шевченківський",https://www.olx.ua/uk/obyavlenie/rabota/trainee-front-end-developer-IDVdUm8.html
Тестувальник ПЗ (без досвіду),27 000 - 35 000 грн. / за місяць,"Київ, Печерський","Київ, Печерський",https://www.olx.ua/uk/obyavlenie/rabota/testuvalnik-pz-bez-dosvdu-IDWiQLa.html
Віддалена робота Спеціаліст з обробки фото та відео (анотатор),8 000 - 16 000 грн. / за місяць,"Кривий Ріг, Центрально-Міський","Кривий Ріг, Центрально-Міський",https://www.olx.ua/uk/obyavlenie/rabota/vddalena-robota-spetsalst-z-obrobki-foto-ta-vdeo-anotator-IDVLG2D.html
Trainee QA Engineer,700 - 800 $ / за місяць,"Київ, Печерський","Київ, Печерський",https://www.olx.ua/uk/obyavlenie/rabota/trainee-qa-engineer-IDVLiUT.html
Оператор 1С (денні зміни),20 000 - 22 000 грн. / за місяць,"Київ, Подільський","Київ, Подільський",https://www.olx.ua/uk/obyavlenie/rabota/operator-1s-denn-zmni-IDVMbY2.html
Web-дизайнер (З навчанням),25 000 - 30 000 грн. / за місяць,"Київ, Печерський","Київ, Печерський",https://www.olx.ua/uk/obyavlenie/rabota/web-dizayner-z-navchannyam-IDWv7cX.html
Помічник відеомонтажера,24 000 - 28 000 грн. / за місяць,"Київ, Печерський","Київ, Печерський",https://www.olx.ua/uk/obyavlenie/rabota/pomchnik-vdeomontazhera-IDVKVxp.html
Junior C# Developer,30 000 - 33 000 грн. / за місяць,"Київ, Печерський","Київ, Печерський",https://www.olx.ua/uk/obyavlenie/rabota/junior-c-developer-IDWI8cC.html
Фармер акаунтів (стажер),18 000 - 25 000 грн. / за місяць,"Київ, Голосіївський","Київ, Голосіївський",https://www.olx.ua/uk/obyavlenie/rabota/farmer-akauntv-stazher-IDUBK7Y.html
Оператори в комп'ютерний клуб(м.Запоріжжя),12 500 - 17 000 грн. / за місяць,"Запоріжжя, Вознесенівський","Запоріжжя, Вознесенівський",https://www.olx.ua/uk/obyavlenie/rabota/operatori-v-kompyuterniy-klubm-zaporzhzhya-IDWjgDh.html
Майстер з ремонту комп'ютерної техніки,22 000 - 50 000 грн. / за місяць,"Дніпро, Центральний","Дніпро, Центральний",https://www.olx.ua/uk/obyavlenie/rabota/mayster-z-remontu-kompyuterno-tehnki-IDTna38.html
Майстр по ремонту принтерів та ПК,20 000 - 25 000 грн. / за місяць,"Кривий Ріг, Центрально-Міський","Кривий Ріг, Центрально-Міський",https://www.olx.ua/uk/obyavlenie/rabota/maystr-po-remontu-printerv-ta-pk-IDVdl5O.html
3D artist junior,28 000 - 33 000 грн. / за місяць,"Київ, Шевченківський","Київ, Шевченківський",https://www.olx.ua/uk/obyavlenie/rabota/3d-artist-junior-IDWveEJ.html
Системний адміністратор,38 000 - 40 000 грн. / за місяць,"Київ, Печерський","Київ, Печерський",https://www.olx.ua/uk/obyavlenie/rabota/sistemniy-admnstrator-IDVKI3a.html
Майстер з ремонту Комп'ютерів,20 000 - 40 000 грн. / за місяць,Хмельницький,Хмельницький,https://www.olx.ua/uk/obyavlenie/rabota/mayster-z-remontu-kompyuterv-IDVJVU9.html
Системний Адміністратор,25 000 - 40 000 грн. / за місяць,"Кропивницький, Подільський","Кропивницький, Подільський",https://www.olx.ua/uk/obyavlenie/rabota/sistemniy-admnstrator-IDVLQDX.html
Всі свої (український бренд) в пошуку співробітників,20 000 - 25 000 грн. / за місяць,"Дніпро, Центральний","Дніпро, Центральний",https://www.olx.ua/uk/obyavlenie/rabota/vs-svo-ukranskiy-brend-v-poshuku-spvrobtnikv-IDVMlfj.html
Комп`ютерний майстер для передпродажної підготовки ноутбуків,10 000 - 30 000 грн. / за місяць,Кам'янець-Подільський,Кам'янець-Подільський,https://www.olx.ua/uk/obyavlenie/rabota/kompyuterniy-mayster-dlya-peredprodazhno-pdgotovki-noutbukv-IDQQxu8.html
Помічник системного адміністратора,19 000 - 20 000 грн. / за місяць,"Кривий Ріг, Металургійний","Кривий Ріг, Металургійний",https://www.olx.ua/uk/obyavlenie/rabota/pomchnik-sistemnogo-admnstratora-IDWEh50.html
ТЕРМІНОВО шукаємо системного адміністратора,20 000 - 35 000 грн. / за місяць,"Вінниця, Замостянський","Вінниця, Замостянський",https://www.olx.ua/uk/obyavlenie/rabota/termnovo-shukamo-sistemnogo-admnstratora-IDVKItB.html
Системний Адміністратор (IT),25 000 - 35 000 грн. / за місяць,Хмельницький,Хмельницький,https://www.olx.ua/uk/obyavlenie/rabota/sistemniy-admnstrator-it-IDVJCzj.html
Мастер по ремонту бытовой техники.,15 000 - 40 000 грн. / за місяць,"Одеса, Приморський","Одеса, Приморський",https://www.olx.ua/uk/obyavlenie/rabota/master-po-remontu-bytovoy-tehniki-IDQivJF.html
Майстер з ремонту комп'ютерної техніки,22 000 - 50 000 грн. / за місяць,"Запоріжжя, Вознесенівський","Запоріжжя, Вознесенівський",https://www.olx.ua/uk/obyavlenie/rabota/mayster-z-remontu-kompyuterno-tehnki-IDWBVQf.html
Требуется монтажер видео в Capcut,14 000 - 18 000 грн. / за місяць,"Харків, Холодногірський","Харків, Холодногірський",https://www.olx.ua/uk/obyavlenie/rabota/trebuetsya-montazher-video-v-capcut-IDVKuPX.html
Ремонт зарядных станций и компьютеров,50 000 - 80 000 грн. / за місяць,"Київ, Печерський","Київ, Печерський",https://www.olx.ua/uk/obyavlenie/rabota/remont-zaryadnyh-stantsiy-i-kompyuterov-IDVmIOL.html
Майстер з ремонту мобільних телефонів,16 000 - 40 000 грн. / за місяць,Бровари,Бровари,https://www.olx.ua/uk/obyavlenie/rabota/mayster-z-remontu-moblnih-telefonv-IDVMONh.html
Майстер по ремонту технiки,40 000 - 80 000 грн. / за місяць,"Київ, Подільський","Київ, Подільський",https://www.olx.ua/uk/obyavlenie/rabota/mayster-po-remontu-tehniki-IDVmvCr.html
Майстер з обслуговування мережі інтернет,20 000 - 30 000 грн. / за місяць,"Київ, Дарницький","Київ, Дарницький",https://www.olx.ua/uk/obyavlenie/rabota/mayster-z-obslugovuvannya-merezh-nternet-IDTvV3d.html
Проєктувальник (можливо без досвіду роботи),15 000 - 19 000 грн. / за місяць,"Харків, Немишлянський","Харків, Немишлянський",https://www.olx.ua/uk/obyavlenie/rabota/proktuvalnik-mozhlivo-bez-dosvdu-roboti-IDVIkNa.html
Професійний media buyer,,"Львів, Галицький","Львів, Галицький",https://www.olx.ua/uk/obyavlenie/rabota/profesyniy-media-buyer-IDVLSfL.html
Tilda-верстальник,26 000 - 32 000 грн. / за місяць,"Київ, Подільський","Київ, Подільський",https://www.olx.ua/uk/obyavlenie/rabota/tilda-verstalnik-IDVKVgB.html
Монтажник интернет и кабельного телевидения,25 000 - 30 000 грн. / за місяць,"Одеса, Київський","Одеса, Київський",https://www.olx.ua/uk/obyavlenie/rabota/montazhnik-internet-i-kabelnogo-televideniya-IDTY8K5.html
"Iнженер технічної підтримки., Support Engineer",15 000 - 25 000 грн. / за місяць,Чернігів,Чернігів,https://www.olx.ua/uk/obyavlenie/rabota/inzhener-tehnchno-pdtrimki-support-engineer-IDUnhsc.html
Майстер з ремонту кондиціонерів (кондиціонерщик),50 000 - 100 000 грн. / за місяць,"Київ, Шевченківський","Київ, Шевченківський",https://www.olx.ua/uk/obyavlenie/rabota/mayster-z-remontu-konditsonerv-konditsonerschik-IDUUKxV.html
На роботу запрошується спеціаліст з ремонтів ноутбуків та телевізорів,8 000 - 15 000 грн. / за місяць,Павлоград,Павлоград,https://www.olx.ua/uk/obyavlenie/rabota/na-robotu-zaproshutsya-spetsalst-z-remontv-noutbukv-ta-televzorv-IDVJrA6.html
Майстер з ремонту комп'ютерної техніки,22 000 - 50 000 грн. / за місяць,"Кривий Ріг, Саксаганський","Кривий Ріг, Саксаганський",https://www.olx.ua/uk/obyavlenie/rabota/mayster-z-remontu-kompyuterno-tehnki-IDTn5gp.html
Оператори в комп'ютерний клуб(м.Запоріжжя),12 500 - 17 000 грн. / за місяць,"Запоріжжя, Вознесенівський","Запоріжжя, Вознесенівський",https://www.olx.ua/uk/obyavlenie/rabota/operatori-v-kompyuterniy-klubm-zaporzhzhya-IDWjgDh.html
Помічник ASO-спеціаліста(без досвіду),500 - 501 $ / за місяць,Сміла,Сміла,https://www.olx.ua/uk/obyavlenie/rabota/pomchnik-aso-spetsalstabez-dosvdu-IDVOTUA.html
Trainee Front-end develoepr,23 000 - 26 000 грн. / за місяць,"Київ, Голосіївський","Київ, Голосіївський",https://www.olx.ua/uk/obyavlenie/rabota/trainee-front-end-develoepr-IDVdm1V.html
Арбитраж трафика на телеграмм канал,1 000 - 10 000 грн. / за місяць,Уклін,Уклін,https://www.olx.ua/uk/obyavlenie/rabota/arbitrazh-trafika-na-telegramm-kanal-IDVKs7v.html
UI/UX designer (стажер),29 000 - 34 000 грн. / за місяць,"Київ, Шевченківський","Київ, Шевченківський",https://www.olx.ua/uk/obyavlenie/rabota/ui-ux-designer-stazher-IDVIibv.html
Junior Cloud Specialist (з навчанням),24 000 - 27 000 грн. / за місяць,"Київ, Шевченківський","Київ, Шевченківський",https://www.olx.ua/uk/obyavlenie/rabota/junior-cloud-specialist-z-navchannyam-IDVsS0b.html
Junior front-end developer,35 000 - 45 000 грн. / за місяць,"Київ, Печерський","Київ, Печерський",https://www.olx.ua/uk/obyavlenie/rabota/junior-front-end-developer-IDWY5Hv.html
Trainee Python-developer,24 000 - 27 000 грн. / за місяць,"Київ, Голосіївський","Київ, Голосіївський",https://www.olx.ua/uk/obyavlenie/rabota/trainee-python-developer-IDVdkYr.html
Робота Адміністратор у VR,12 000 - 20 000 грн. / за місяць,Рівне,Рівне,https://www.olx.ua/uk/obyavlenie/rabota/robota-admnstrator-u-vr-IDVJe3o.html
Тестувальника ігор,15 000 - 25 000 грн. / за місяць,"Дніпро, Центральний","Дніпро, Центральний",https://www.olx.ua/uk/obyavlenie/rabota/testuvalnika-gor-IDVIUgJ.html
Trainee UX/UI designer,23 000 - 26 000 грн. / за місяць,"Київ, Голосіївський","Київ, Голосіївський",https://www.olx.ua/uk/obyavlenie/rabota/trainee-ux-ui-designer-IDVdlxP.html
работа по обслуживанию ПК.,40 000 - 50 000 грн. / за місяць,"Київ, Солом'янський","Київ, Солом'янський",https://www.olx.ua/uk/obyavlenie/rabota/rabota-po-obsluzhivaniyu-pk-IDV9TGL.html
Майстер з ремонту комп'ютерної техніки,22 000 - 50 000 грн. / за місяць,"Дніпро, Центральний","Дніпро, Центральний",https://www.olx.ua/uk/obyavlenie/rabota/mayster-z-remontu-kompyuterno-tehnki-IDTna38.html
Работа в популярных компьютерных играх.,10 000 - 25 000 грн. / за місяць,"Львів, Галицький","Львів, Галицький",https://www.olx.ua/uk/obyavlenie/rabota/rabota-v-populyarnyh-kompyuternyh-igrah-IDTEEqT.html
"Шукаємо на посаду Програміст, web-дизайнер (PR, SEO, SM)",15 000 - 30 000 грн. / за місяць,"Київ, Дарницький","Київ, Дарницький",https://www.olx.ua/uk/obyavlenie/rabota/shukamo-na-posadu-programst-web-dizayner-pr-seo-sm-IDNusow.html
Помічник дизайнера (UI\UX-Designer),28 000 - 34 000 грн. / за місяць,"Київ, Шевченківський","Київ, Шевченківський",https://www.olx.ua/uk/obyavlenie/rabota/pomchnik-dizaynera-ui-ux-designer-IDVtjAw.html
Требуються програмисты PHP/ C++/ python/ C#/ JS/HTML,40 000 - 50 000 грн. / за місяць,"Київ, Оболонський","Київ, Оболонський",https://www.olx.ua/uk/obyavlenie/rabota/trebuyutsya-programisty-php-c-python-c-js-html-IDVKnXP.html
Junior Project Manager,29 000 - 37 000 грн. / за місяць,"Київ, Шевченківський","Київ, Шевченківський",https://www.olx.ua/uk/obyavlenie/rabota/junior-project-manager-IDVdUFo.html
Тестувальник ігор,15 000 - 25 000 грн. / за місяць,"Львів, Личаківський","Львів, Личаківський",https://www.olx.ua/uk/obyavlenie/rabota/testuvalnik-gor-IDVhExY.html
Тестувальник ПЗ (без досвіду),32 000 - 35 000 грн. / за місяць,"Київ, Печерський","Київ, Печерський",https://www.olx.ua/uk/obyavlenie/rabota/testuvalnik-pz-bez-dosvdu-IDWm90Q.html
Шукаємо графічного дизайнера,400 $ / за місяць,"Одеса, Приморський","Одеса, Приморський",https://www.olx.ua/uk/obyavlenie/rabota/shukamo-grafchnogo-dizaynera-IDVIeFE.html
Trainee Front-End Developer,25 000 - 28 000 грн. / за місяць,"Київ, Солом'янський","Київ, Солом'янський",https://www.olx.ua/uk/obyavlenie/rabota/trainee-front-end-developer-IDVKrli.html
Майстер по ремонту телефонів,15 000 - 35 000 грн. / за місяць,"Київ, Святошинський","Київ, Святошинський",https://www.olx.ua/uk/obyavlenie/rabota/mayster-po-remontu-telefonv-IDVKdTi.html
Тестувальник мобільних ігор (junior),20 000 - 25 000 грн. / за місяць,"Київ, Печерський","Київ, Печерський",https://www.olx.ua/uk/obyavlenie/rabota/testuvalnik-moblnih-gor-junior-IDVbhbu.html
Junior Front-end Web developer,26 000 - 30 000 грн. / за місяць,"Київ, Оболонський","Київ, Оболонський",https://www.olx.ua/uk/obyavlenie/rabota/junior-front-end-web-developer-IDVsqBy.html
Профессиональная команда в поиске специалиста в IT сфере,2 000 - 3 000 $ / за місяць,"Київ, Шевченківський","Київ, Шевченківський",https://www.olx.ua/uk/obyavlenie/rabota/professionalnaya-komanda-v-poiske-spetsialista-v-it-sfere-IDVRBUm.html
Провідний майстер з ремонту техніки (мультибренд),40 000 - 60 000 грн. / за місяць,"Львів, Шевченківський","Львів, Шевченківський",https://www.olx.ua/uk/obyavlenie/rabota/provdniy-mayster-z-remontu-tehnki-multibrend-IDVHdZ4.html
Вакансія рекрутера — потрібні відповідальні люди,20 000 - 30 000 грн. / за місяць,Чернігів,Чернігів,https://www.olx.ua/uk/obyavlenie/rabota/vakansya-rekrutera-potrbn-vdpovdaln-lyudi-IDVKYjH.html
Адміністратор IT-систем,25 000 - 30 000 грн. / за місяць,"Київ, Святошинський","Київ, Святошинський",https://www.olx.ua/uk/obyavlenie/rabota/admnstrator-it-sistem-IDVpF9t.html
Trainee Java Developer,19 000 - 27 000 грн. / за місяць,"Київ, Печерський","Київ, Печерський",https://www.olx.ua/uk/obyavlenie/rabota/trainee-java-developer-IDVu5Tj.html
Монтажник з підключення до мережі інтернет /Будівельник мережі,35 000 - 55 000 грн. / за місяць,"Київ, Оболонський","Київ, Оболонський",https://www.olx.ua/uk/obyavlenie/rabota/montazhnik-z-pdklyuchennya-do-merezh-nternet-budvelnik-merezh-IDUFZ6h.html
Trainee java developer,30 000 - 40 000 грн. / за місяць,"Київ, Печерський","Київ, Печерський",https://www.olx.ua/uk/obyavlenie/rabota/trainee-java-developer-IDVtSDl.html
Стажер дизайнер креативів,21 500 - 22 500 грн. / за місяць,"Київ, Голосіївський","Київ, Голосіївський",https://www.olx.ua/uk/obyavlenie/rabota/stazher-dizayner-kreativv-IDVtWbY.html
Junior Java Developer,30 000 - 35 000 грн. / за місяць,"Київ, Печерський","Київ, Печерський",https://www.olx.ua/uk/obyavlenie/rabota/junior-java-developer-IDVdUyB.html
Заправщик картриджей в сервисный центр или ученик,12 000 - 15 000 грн. / за місяць,"Харків, Немишлянський","Харків, Немишлянський",https://www.olx.ua/uk/obyavlenie/rabota/zapravschik-kartridzhey-v-servisnyy-tsentr-ili-uchenik-IDT0hXQ.html
Офісна робота з компʼютером,,Івано-Франківськ,Івано-Франківськ,https://www.olx.ua/uk/obyavlenie/rabota/ofsna-robota-z-kompyuterom-IDVJ6L2.html
Trainee Java-developer,25 000 - 28 000 грн. / за місяць,"Київ, Оболонський","Київ, Оболонський",https://www.olx.ua/uk/obyavlenie/rabota/trainee-java-developer-IDVdjK8.html
Project Manager (trainee),23 000 - 30 000 грн. / за місяць,"Київ, Солом'янський","Київ, Солом'янський",https://www.olx.ua/uk/obyavlenie/rabota/project-manager-trainee-IDVIcZG.html
Майстер з ремонту комп'ютерної техніки,22 000 - 50 000 грн. / за місяць,"Одеса, Приморський","Одеса, Приморський",https://www.olx.ua/uk/obyavlenie/rabota/mayster-z-remontu-kompyuterno-tehnki-IDTmvjB.html
Відкрита вакансія IT спеціаліст,17 000 - 23 000 грн. / за місяць,Умань,Умань,https://www.olx.ua/uk/obyavlenie/rabota/vdkrita-vakansya-it-spetsalst-IDVOq7C.html
Необхiдний технiчний спецiалiст з ремонту,30 000 - 60 000 грн. / за місяць,"Київ, Подільський","Київ, Подільський",https://www.olx.ua/uk/obyavlenie/rabota/neobhidniy-tehnichniy-spetsialist-z-remontu-IDVmx7n.html
Монтажник локальних мереж,20 000 - 24 000 грн. / за місяць,Нетішин,Нетішин,https://www.olx.ua/uk/obyavlenie/rabota/montazhnik-lokalnih-merezh-IDUOd8b.html
Trainee Wordpress Developer,29 000 - 37 000 грн. / за місяць,"Київ, Печерський","Київ, Печерський",https://www.olx.ua/uk/obyavlenie/rabota/trainee-wordpress-developer-IDWuKKm.html
"Молодший дата-аналітик, Київ (не віддалено)",21 000 - 25 000 грн. / за місяць,"Київ, Печерський","Київ, Печерський",https://www.olx.ua/uk/obyavlenie/rabota/molodshiy-data-analtik-kiv-ne-vddaleno-IDVbhPh.html
Шукаємо системного адміністратора,20 000 - 35 000 грн. / за місяць,"Вінниця, Замостянський","Вінниця, Замостянський",https://www.olx.ua/uk/obyavlenie/rabota/shukamo-sistemnogo-admnstratora-IDVHbIR.html
Комп'ютерний майстер (Чернігів),35 000 - 40 000 грн. / за місяць,Чернігів,Чернігів,https://www.olx.ua/uk/obyavlenie/rabota/kompyuterniy-mayster-cherngv-IDVJNMm.html
Системний Адміністратор,30 000 - 40 000 грн. / за місяць,Хмельницький,Хмельницький,https://www.olx.ua/uk/obyavlenie/rabota/sistemniy-admnstrator-IDVGXWR.html
Спеціаліст з ремонту мобільних телефонів,10 000 - 40 000 грн. / за місяць,"Запоріжжя, Комунарський","Запоріжжя, Комунарський",https://www.olx.ua/uk/obyavlenie/rabota/spetsalst-z-remontu-moblnih-telefonv-IDUZtC3.html
"Інженер з монтажу засобів безпеки, електромонтажу",25 000 - 40 000 грн. / за місяць,Полтава,Полтава,https://www.olx.ua/uk/obyavlenie/rabota/nzhener-z-montazhu-zasobv-bezpeki-elektromontazhu-IDWm0Sm.html
Шукаю системного адміністратора системи,15 000 - 20 000 грн. / за місяць,Козятин,Козятин,https://www.olx.ua/uk/obyavlenie/rabota/shukayu-sistemnogo-admnstratora-sistemi-IDVIBjK.html
Радіофізик для разової роботи/консультації,500 - 1 500 грн. / за годину,"Київ, Шевченківський","Київ, Шевченківський",https://www.olx.ua/uk/obyavlenie/rabota/radofzik-dlya-razovo-roboti-konsultats-IDVK40X.html
Запрошуємо майстрів з ремонту комп'ютерів – заробіток до 80 000 грн на,40 000 - 80 000 грн. / за місяць,"Львів, Галицький","Львів, Галицький",https://www.olx.ua/uk/obyavlenie/rabota/zaproshumo-maystrv-z-remontu-kompyuterv-zarobtok-do-80-000-grn-na-IDVFZJV.html
Работа в популярных компьютерных играх.,10 000 - 25 000 грн. / за місяць,"Львів, Галицький","Львів, Галицький",https://www.olx.ua/uk/obyavlenie/rabota/rabota-v-populyarnyh-kompyuternyh-igrah-IDTEEqT.html
Онлайн робота/Без досвіду/Щоденна оплата/Перекладачем тексту,500 - 700 $ / за місяць,"Київ, Шевченківський","Київ, Шевченківський",https://www.olx.ua/uk/obyavlenie/rabota/onlayn-robota-bez-dosvdu-schodenna-oplata-perekladachem-tekstu-IDVR4Tu.html
Python-програміст (trainee),30 000 - 33 000 грн. / за місяць,"Київ, Печерський","Київ, Печерський",https://www.olx.ua/uk/obyavlenie/rabota/python-programst-trainee-IDVpG5P.html
Помічник розробника сайтів,24 000 - 28 000 грн. / за місяць,"Київ, Печерський","Київ, Печерський",https://www.olx.ua/uk/obyavlenie/rabota/pomchnik-rozrobnika-saytv-IDVqbDl.html
Молодший дизайнер UX UI,22 000 - 25 000 грн. / за місяць,"Київ, Солом'янський","Київ, Солом'янський",https://www.olx.ua/uk/obyavlenie/rabota/molodshiy-dizayner-ux-ui-IDVHRfy.html
Пошук майстрів ремонту компʼютерів,15 000 - 50 000 грн. / за місяць,"Київ, Шевченківський","Київ, Шевченківський",https://www.olx.ua/uk/obyavlenie/rabota/poshuk-maystrv-remontu-kompyuterv-IDVGFMD.html
Гравець-тестувальник (стажер),30 000 - 35 000 грн. / за місяць,"Київ, Печерський","Київ, Печерський",https://www.olx.ua/uk/obyavlenie/rabota/gravets-testuvalnik-stazher-IDWddlx.html
Junior QA Engineer,24 000 - 27 000 грн. / за місяць,"Київ, Оболонський","Київ, Оболонський",https://www.olx.ua/uk/obyavlenie/rabota/junior-qa-engineer-IDVIa1f.html
Дата Аналітик (стажер),30 000 - 36 000 грн. / за місяць,"Київ, Печерський","Київ, Печерський",https://www.olx.ua/uk/obyavlenie/rabota/data-analtik-stazher-IDVaa1n.html
Junior Automation Specialist (спеціаліст з автоматизації),23 000 - 28 000 грн. / за місяць,"Київ, Шевченківський","Київ, Шевченківський",https://www.olx.ua/uk/obyavlenie/rabota/junior-automation-specialist-spetsalst-z-avtomatizats-IDVqccH.html
Trainee 3D-artist,25 000 - 35 000 грн. / за місяць,"Київ, Печерський","Київ, Печерський",https://www.olx.ua/uk/obyavlenie/rabota/trainee-3d-artist-IDVqbTb.html
Потрібен Оператор 1С,15 000 - 17 000 грн. / за місяць,"Житомир, Промавтоматика","Житомир, Промавтоматика",https://www.olx.ua/uk/obyavlenie/rabota/potrben-operator-1s-IDUAYHz.html
Інженер сервісний (на власному авто),24 000 - 30 000 грн. / за місяць,"Київ, Подільський","Київ, Подільський",https://www.olx.ua/uk/obyavlenie/rabota/nzhener-servsniy-na-vlasnomu-avto-IDVPhFf.html
Майстер з ремонту комп'ютерної техніки,22 000 - 50 000 грн. / за місяць,"Дніпро, Центральний","Дніпро, Центральний",https://www.olx.ua/uk/obyavlenie/rabota/mayster-z-remontu-kompyuterno-tehnki-IDTna38.html
Профессиональная команда в поиске специалиста в IT сфере,2 000 - 3 000 $ / за місяць,"Київ, Шевченківський","Київ, Шевченківський",https://www.olx.ua/uk/obyavlenie/rabota/professionalnaya-komanda-v-poiske-spetsialista-v-it-sfere-IDVRBUm.html
Trainee/Junior Java Програміст,23 000 - 25 000 грн. / за місяць,"Київ, Шевченківський","Київ, Шевченківський",https://www.olx.ua/uk/obyavlenie/rabota/trainee-junior-java-programst-IDVHMMJ.html
Дата-аналітик (Стажер),25 000 грн. / за місяць,"Київ, Оболонський","Київ, Оболонський",https://www.olx.ua/uk/obyavlenie/rabota/data-analtik-stazher-IDVHNlu.html
комюнити Gambling / Crypto / Nutra,1 000 $ / за місяць,"Київ, Печерський","Київ, Печерський",https://www.olx.ua/uk/obyavlenie/rabota/komyuniti-gambling-crypto-nutra-IDVGYh6.html
Оператор на проведення накладних,15 000 - 25 000 грн. / за місяць,Тернопіль,Тернопіль,https://www.olx.ua/uk/obyavlenie/rabota/operator-na-provedennya-nakladnih-IDVHTfF.html
Trainee Java Developer,32 000 - 37 000 грн. / за місяць,"Київ, Печерський","Київ, Печерський",https://www.olx.ua/uk/obyavlenie/rabota/trainee-java-developer-IDWESjo.html
junior Web-designer,25 000 грн. / за місяць,"Київ, Подільський","Київ, Подільський",https://www.olx.ua/uk/obyavlenie/rabota/junior-web-designer-IDVHLRK.html
Налаштування Гугл календаря,,Тернопіль,Тернопіль,https://www.olx.ua/uk/obyavlenie/rabota/nalashtuvannya-gugl-kalendarya-IDVHcdV.html
"Викладач програмування, Roblox, Minecraft",15 000 - 25 000 грн. / за місяць,"Київ, Шевченківський","Київ, Шевченківський",https://www.olx.ua/uk/obyavlenie/rabota/vikladach-programuvannya-roblox-minecraft-IDVHL9w.html
Системний адміністратор ІТ (без досвіду),30 000 - 40 000 грн. / за місяць,Хмельницький,Хмельницький,https://www.olx.ua/uk/obyavlenie/rabota/sistemniy-admnstrator-t-bez-dosvdu-IDVnMQ8.html
"майстер по ремонту телефонів, планшетів, ноутбуків.",30 000 - 45 000 грн. / за місяць,"Львів, Шевченківський","Львів, Шевченківський",https://www.olx.ua/uk/obyavlenie/rabota/mayster-po-remontu-telefonv-planshetv-noutbukv-IDUxHhw.html
"Робота! БЕЗ ДОСВІДУ! Оператор 1 С, комп""ютерного набору, Чернівці",13 000 - 13 500 грн. / за місяць,Чернівці,Чернівці,https://www.olx.ua/uk/obyavlenie/rabota/robota-bez-dosvdu-operator-1-s-komp-yuternogo-naboru-chernvts-IDNDn4X.html
Відкрита вакансія IT спеціаліст,17 000 - 23 000 грн. / за місяць,Умань,Умань,https://www.olx.ua/uk/obyavlenie/rabota/vdkrita-vakansya-it-spetsalst-IDVOq7C.html
Майстер з ремонту кондиціонерів (кондиціонерщик),50 000 - 100 000 грн. / за місяць,"Київ, Шевченківський","Київ, Шевченківський",https://www.olx.ua/uk/obyavlenie/rabota/mayster-z-remontu-konditsonerv-konditsonerschik-IDUUKxV.html
"Програміст на C++ (Arduino IDE), ESP32, IoT.",400 - 800 грн. / за годину,"Київ, Голосіївський","Київ, Голосіївський",https://www.olx.ua/uk/obyavlenie/rabota/programst-na-c-arduino-ide-esp32-iot-IDVHW23.html
"Junior Front-end developer (не дистанційно, Київ)",21 000 - 28 000 грн. / за місяць,"Київ, Шевченківський","Київ, Шевченківський",https://www.olx.ua/uk/obyavlenie/rabota/junior-front-end-developer-ne-distantsyno-kiv-IDVbW5L.html
Выездной Компьютерный Мастер,35 000 - 37 000 грн. / за місяць,Полтава,Полтава,https://www.olx.ua/uk/obyavlenie/rabota/vyezdnoy-kompyuternyy-master-IDTZvD0.html
Junior Web-дизайнера,22 000 грн. / за місяць,"Київ, Дніпровський","Київ, Дніпровський",https://www.olx.ua/uk/obyavlenie/rabota/junior-web-dizaynera-IDVGwYp.html
Junior QA Manual / Automation Engineer,25 000 - 40 000 грн. / за місяць,"Київ, Дарницький","Київ, Дарницький",https://www.olx.ua/uk/obyavlenie/rabota/junior-qa-manual-automation-engineer-IDVFcNv.html
Комп'ютерний майстер,35 000 - 40 000 грн. / за місяць,"Кривий Ріг, Центрально-Міський","Кривий Ріг, Центрально-Міський",https://www.olx.ua/uk/obyavlenie/rabota/kompyuterniy-mayster-IDVHkJV.html
Работа бренд-менеджер. Админ сервисного центра,10 000 - 21 000 грн. / за місяць,"Харків, Шевченківський","Харків, Шевченківський",https://www.olx.ua/uk/obyavlenie/rabota/rabota-brend-menedzher-admin-servisnogo-tsentra-IDImE4e.html
Комп'ютерний майстер. Сервіс інженер,35 000 - 45 000 грн. / за місяць,Хмельницький,Хмельницький,https://www.olx.ua/uk/obyavlenie/rabota/kompyuterniy-mayster-servs-nzhener-IDVGQzL.html
Senior ML Engineer | Remote,80 000 - 100 000 грн. / за місяць,Чернівці,Чернівці,https://www.olx.ua/uk/obyavlenie/rabota/senior-ml-engineer-remote-IDVH1gB.html
На роботу потрібен майстер з ремонту телефонів ( переклейщик),25 000 - 30 000 грн. / за місяць,Чернівці,Чернівці,https://www.olx.ua/uk/obyavlenie/rabota/na-robotu-potrben-mayster-z-remontu-telefonv-perekleyschik-IDUAkkE.html
Вакансія рекрутера — потрібні відповідальні люди,20 000 - 30 000 грн. / за місяць,Чернігів,Чернігів,https://www.olx.ua/uk/obyavlenie/rabota/vakansya-rekrutera-potrbn-vdpovdaln-lyudi-IDVKYjH.html
Провідний майстер з ремонту техніки (мультибренд),40 000 - 60 000 грн. / за місяць,"Львів, Шевченківський","Львів, Шевченківський",https://www.olx.ua/uk/obyavlenie/rabota/provdniy-mayster-z-remontu-tehnki-multibrend-IDVHdZ4.html
Помічник ASO-спеціаліста(без досвіду),500 - 501 $ / за місяць,Сміла,Сміла,https://www.olx.ua/uk/obyavlenie/rabota/pomchnik-aso-spetsalstabez-dosvdu-IDVOTUA.html
"Junior HTML-верстальник (Київ, не дистанційно)",20 000 - 24 000 грн. / за місяць,"Київ, Печерський","Київ, Печерський",https://www.olx.ua/uk/obyavlenie/rabota/junior-html-verstalnik-kiv-ne-distantsyno-IDVa0gp.html
"Мастер телефонов , планшетов , ноутбуков. Одесса , Таирова.",40 000 - 80 000 грн. / за місяць,"Одеса, Київський","Одеса, Київський",https://www.olx.ua/uk/obyavlenie/rabota/master-telefonov-planshetov-noutbukov-odessa-tairova-IDVE8zf.html
Програміст 1С,20 000 грн. / за місяць,Кременчук,Кременчук,https://www.olx.ua/uk/obyavlenie/rabota/programst-1s-IDVI7uw.html
Помічник інженера ВОЛЗ,,Васильків,Васильків,https://www.olx.ua/uk/obyavlenie/rabota/pomchnik-nzhenera-volz-IDOh1KT.html
"Системний адміністратор у ""Порядний Газда""",1 - 2 грн. / за годину,Мукачево,Мукачево,https://www.olx.ua/uk/obyavlenie/rabota/sistemniy-admnstrator-u-poryadniy-gazda-IDVF0qW.html
Друкар цифрового друку,25 000 - 25 500 грн. / за місяць,"Дніпро, Соборний","Дніпро, Соборний",https://www.olx.ua/uk/obyavlenie/rabota/drukar-tsifrovogo-druku-IDVEJNk.html
Приглашаем на работу мастера по ремонту ПК и Ноутбуков,10 000 - 40 000 грн. / за місяць,"Харків, Салтівський","Харків, Салтівський",https://www.olx.ua/uk/obyavlenie/rabota/priglashaem-na-rabotu-mastera-po-remontu-pk-i-noutbukov-IDVCRoi.html
"Пропоную роботу електронщику, електрику чи помічнику електрика",15 000 - 25 000 грн. / за місяць,Березне,Березне,https://www.olx.ua/uk/obyavlenie/rabota/proponuyu-robotu-elektronschiku-elektriku-chi-pomchniku-elektrika-IDWmTGn.html
"Мастер по ремонту ноутбуков, телевизоров, телемастер, компьютеров",10 000 - 18 000 грн. / за місяць,"Київ, Оболонський","Київ, Оболонський",https://www.olx.ua/uk/obyavlenie/rabota/master-po-remontu-noutbukov-televizorov-telemaster-kompyuterov-IDV82HM.html
"Ремонт кавомашин,кавоварок та ішої побутової техніки",15 000 - 30 000 грн. / за місяць,Луцьк,Луцьк,https://www.olx.ua/uk/obyavlenie/rabota/remont-kavomashin-kavovarok-ta-sho-pobutovo-tehnki-IDRfmjR.html
Майстер з ремонту кондиціонерів (кондиціонерщик),50 000 - 100 000 грн. / за місяць,"Київ, Шевченківський","Київ, Шевченківський",https://www.olx.ua/uk/obyavlenie/rabota/mayster-z-remontu-konditsonerv-konditsonerschik-IDUUKxV.html
Необхiдний технiчний спецiалiст з ремонту,30 000 - 60 000 грн. / за місяць,"Київ, Подільський","Київ, Подільський",https://www.olx.ua/uk/obyavlenie/rabota/neobhidniy-tehnichniy-spetsialist-z-remontu-IDVmx7n.html
"Оператор комп'ютерного набору, оператор 1С, Мукачево",12 000 - 12 100 грн. / за місяць,Мукачево,Мукачево,https://www.olx.ua/uk/obyavlenie/rabota/operator-kompyuternogo-naboru-operator-1s-mukachevo-IDJicak.html
Збиральник комп'ютерів,25 000 - 30 000 грн. / за місяць,"Київ, Печерський","Київ, Печерський",https://www.olx.ua/uk/obyavlenie/rabota/zbiralnik-kompyuterv-IDVD1TQ.html
QA-спеціаліст (з навчанням),22 000 - 32 000 грн. / за місяць,"Київ, Подільський","Київ, Подільський",https://www.olx.ua/uk/obyavlenie/rabota/qa-spetsalst-z-navchannyam-IDVkpBg.html
Тестировщик игр в компьютерный клуб,27 000 - 32 000 грн. / за місяць,"Київ, Голосіївський","Київ, Голосіївський",https://www.olx.ua/uk/obyavlenie/rabota/testirovschik-igr-v-kompyuternyy-klub-IDVEY3R.html
Аналітик спортивних подій,28 000 - 34 000 грн. / за місяць,"Київ, Шевченківський","Київ, Шевченківський",https://www.olx.ua/uk/obyavlenie/rabota/analtik-sportivnih-pody-IDVD1HZ.html
ТЕРМІНОВО! Шукаємо Системного адміністратора.,25 000 - 49 000 грн. / за місяць,Полтава,Полтава,https://www.olx.ua/uk/obyavlenie/rabota/termnovo-shukamo-sistemnogo-admnstratora-IDVDw5t.html
Програміст Junior Frontend Developer /Intern,400 - 500 $ / за місяць,"Київ, Голосіївський","Київ, Голосіївський",https://www.olx.ua/uk/obyavlenie/rabota/programst-junior-frontend-developer-intern-IDVk00y.html
Junior QA Engineer,20 000 - 35 000 грн. / за місяць,"Київ, Святошинський","Київ, Святошинський",https://www.olx.ua/uk/obyavlenie/rabota/junior-qa-engineer-IDVEfkQ.html
Предлагаю сотрудничество.,5 000 - 50 000 грн. / за місяць,"Дніпро, Соборний","Дніпро, Соборний",https://www.olx.ua/uk/obyavlenie/rabota/predlagayu-sotrudnichestvo-IDUOr4D.html
Моушн дизайнер (з навчанням),28 000 - 34 000 грн. / за місяць,"Київ, Шевченківський","Київ, Шевченківський",https://www.olx.ua/uk/obyavlenie/rabota/moushn-dizayner-z-navchannyam-IDVD26K.html
Оператор ПК (з навчанням),26 000 - 28 000 грн. / за місяць,"Київ, Печерський","Київ, Печерський",https://www.olx.ua/uk/obyavlenie/rabota/operator-pk-z-navchannyam-IDVo5nL.html
Майстер з ремонту комп'ютерної техніки,22 000 - 50 000 грн. / за місяць,"Кривий Ріг, Саксаганський","Кривий Ріг, Саксаганський",https://www.olx.ua/uk/obyavlenie/rabota/mayster-z-remontu-kompyuterno-tehnki-IDTn5gp.html
"Шукаємо на посаду Програміст, web-дизайнер (PR, SEO, SM)",15 000 - 30 000 грн. / за місяць,"Київ, Дарницький","Київ, Дарницький",https://www.olx.ua/uk/obyavlenie/rabota/shukamo-na-posadu-programst-web-dizayner-pr-seo-sm-IDNusow.html
Майстер з ремонту комп'ютерної техніки,22 000 - 50 000 грн. / за місяць,"Харків, Шевченківський","Харків, Шевченківський",https://www.olx.ua/uk/obyavlenie/rabota/mayster-z-remontu-kompyuterno-tehnki-IDUh0bQ.html
Тестувальник (без досвіду),30 000 - 32 000 грн. / за місяць,"Київ, Подільський","Київ, Подільський",https://www.olx.ua/uk/obyavlenie/rabota/testuvalnik-bez-dosvdu-IDV7LeZ.html
Молодший графічний дизайнер,27 000 - 28 000 грн. / за місяць,"Київ, Печерський","Київ, Печерський",https://www.olx.ua/uk/obyavlenie/rabota/molodshiy-grafchniy-dizayner-IDVD18F.html
Оператор ПК (стажер),26 000 - 32 000 грн. / за місяць,"Київ, Печерський","Київ, Печерський",https://www.olx.ua/uk/obyavlenie/rabota/operator-pk-stazher-IDWety9.html
Продавець-консультант,14 500 - 20 000 грн. / за місяць,"Харків, Шевченківський","Харків, Шевченківський",https://www.olx.ua/uk/obyavlenie/rabota/prodavets-konsultant-IDVaNyn.html
Работа World of Warcraft,4 000 - 20 000 грн. / за місяць,"Харків, Слобідський","Харків, Слобідський",https://www.olx.ua/uk/obyavlenie/rabota/rabota-world-of-warcraft-IDVlqkA.html
Project Manager Trainee,21 300 - 25 000 грн. / за місяць,"Київ, Шевченківський","Київ, Шевченківський",https://www.olx.ua/uk/obyavlenie/rabota/project-manager-trainee-IDV6itY.html
Junior Front-End Developer,29 000 - 35 000 грн. / за місяць,"Київ, Печерський","Київ, Печерський",https://www.olx.ua/uk/obyavlenie/rabota/junior-front-end-developer-IDWetKE.html
Адміністратор кіберспортивного клубу,12 000 - 22 000 грн. / за місяць,"Одеса, Приморський","Одеса, Приморський",https://www.olx.ua/uk/obyavlenie/rabota/admnstrator-kbersportivnogo-klubu-IDVosFp.html
Junior Web-дизайнера,25 000 грн. / за місяць,"Київ, Печерський","Київ, Печерський",https://www.olx.ua/uk/obyavlenie/rabota/junior-web-dizaynera-IDVEGrW.html
Потрібен працівник в команду фото-копі-центр,16 000 - 30 000 грн. / за місяць,"Київ, Оболонський","Київ, Оболонський",https://www.olx.ua/uk/obyavlenie/rabota/potrben-pratsvnik-v-komandu-foto-kop-tsentr-IDUGnay.html
Майстр по ремонту принтерів та ПК,20 000 - 25 000 грн. / за місяць,"Кривий Ріг, Центрально-Міський","Кривий Ріг, Центрально-Міський",https://www.olx.ua/uk/obyavlenie/rabota/maystr-po-remontu-printerv-ta-pk-IDVdl5O.html
Провідний майстер з ремонту техніки (мультибренд),40 000 - 60 000 грн. / за місяць,"Львів, Шевченківський","Львів, Шевченківський",https://www.olx.ua/uk/obyavlenie/rabota/provdniy-mayster-z-remontu-tehnki-multibrend-IDVHdZ4.html
Терміново потрібен ІТ спеціаліст,80 000 - 100 000 грн. / за місяць,"Дніпро, Центральний","Дніпро, Центральний",https://www.olx.ua/uk/obyavlenie/rabota/termnovo-potrben-t-spetsalst-IDVHL4H.html
Помічник системного адміністратора,30 000 - 33 000 грн. / за місяць,"Київ, Печерський","Київ, Печерський",https://www.olx.ua/uk/obyavlenie/rabota/pomchnik-sistemnogo-admnstratora-IDV78c5.html
Web-дизайнер (Trainee / Junior),23 000 - 33 000 грн. / за місяць,"Київ, Печерський","Київ, Печерський",https://www.olx.ua/uk/obyavlenie/rabota/web-dizayner-trainee-junior-IDWTLrB.html
Системний адміністратор у ПК клуб,17 000 - 24 000 грн. / за місяць,Біла Церква,Біла Церква,https://www.olx.ua/uk/obyavlenie/rabota/sistemniy-admnstrator-u-pk-klub-IDVDx23.html
Технік-монтажник із підключення інтернету,18 000 - 24 000 грн. / за місяць,Чернігів,Чернігів,https://www.olx.ua/uk/obyavlenie/rabota/tehnk-montazhnik-z-pdklyuchennya-nternetu-IDVEVWD.html
Дата-аналітик (Стажер),25 000 грн. / за місяць,"Київ, Солом'янський","Київ, Солом'янський",https://www.olx.ua/uk/obyavlenie/rabota/data-analtik-stazher-IDVEqFd.html
UI/UX Designer (Стажер),28 000 - 30 000 грн. / за місяць,"Київ, Печерський","Київ, Печерський",https://www.olx.ua/uk/obyavlenie/rabota/ui-ux-designer-stazher-IDWdcrV.html
Шукаємо IT-фахівця,45 000 - 50 000 грн. / за місяць,"Дніпро, Соборний","Дніпро, Соборний",https://www.olx.ua/uk/obyavlenie/rabota/shukamo-it-fahvtsya-IDVEGOH.html
Виїзний Комп’ютерній Майстер,33 000 - 37 000 грн. / за місяць,Чернівці,Чернівці,https://www.olx.ua/uk/obyavlenie/rabota/vizniy-kompyuterny-mayster-IDUhmKz.html
Trainee JavaScript Developer,700 $ / за місяць,"Київ, Солом'янський","Київ, Солом'янський",https://www.olx.ua/uk/obyavlenie/rabota/trainee-javascript-developer-IDVE7io.html
Технік-монтажник із підключення інтернету,10 000 - 20 000 грн. / за місяць,"Харків, Слобідський","Харків, Слобідський",https://www.olx.ua/uk/obyavlenie/rabota/tehnk-montazhnik-z-pdklyuchennya-nternetu-IDVEF5q.html
Администратор социальных сетей,27 000 - 51 000 грн. / за місяць,Нікополь,Нікополь,https://www.olx.ua/uk/obyavlenie/rabota/administrator-sotsialnyh-setey-IDVQ8OZ.html
Оператори в комп'ютерний клуб(м.Запоріжжя),12 500 - 17 000 грн. / за місяць,"Запоріжжя, Вознесенівський","Запоріжжя, Вознесенівський",https://www.olx.ua/uk/obyavlenie/rabota/operatori-v-kompyuterniy-klubm-zaporzhzhya-IDWjgDh.html
Помічник ASO-спеціаліста(без досвіду),500 - 501 $ / за місяць,Сміла,Сміла,https://www.olx.ua/uk/obyavlenie/rabota/pomchnik-aso-spetsalstabez-dosvdu-IDVOTUA.html
"Сервисный центр ""Spike service""",,"Запоріжжя, Дніпровський","Запоріжжя, Дніпровський",https://www.olx.ua/uk/obyavlenie/rabota/servisnyy-tsentr-spike-service-IDUK7YW.html
Заправщик картриджей,19 000 - 20 000 грн. / за місяць,"Київ, Дарницький","Київ, Дарницький",https://www.olx.ua/uk/obyavlenie/rabota/zapravschik-kartridzhey-IDVo6pl.html
Майстер з ремонту мобільних телефонів,12 000 - 20 000 грн. / за місяць,Ковель,Ковель,https://www.olx.ua/uk/obyavlenie/rabota/mayster-z-remontu-moblnih-telefonv-IDVoHMP.html
Middle Node.js/MongoDB Engineer,4 000 - 5 000 $ / за місяць,"Львів, Франківський","Львів, Франківський",https://www.olx.ua/uk/obyavlenie/rabota/middle-node-js-mongodb-engineer-IDVE0Vm.html
Системний адміністратор,25 000 - 30 000 грн. / за місяць,"Київ, Печерський","Київ, Печерський",https://www.olx.ua/uk/obyavlenie/rabota/sistemniy-admnstrator-IDWaSkZ.html
Комп'ютерний Майстер. Сервіс-інженер,35 000 - 40 000 грн. / за місяць,Гожули,Гожули,https://www.olx.ua/uk/obyavlenie/rabota/kompyuterniy-mayster-servs-nzhener-IDVD70p.html
